player_first_name,player_last_name,player_id,game_pk,game_status,game_num,series_status,date,game_time,temp,wind_speed,venue_name,venue_id,team_name,team_id,opp_name,opp_id,home,batter_hand,batting_pos,batter_age,batter_year,batter_k_zone_top,batter_k_zone_bottom,s_pitcher_first_name,s_pitcher_last_name,s_pitcher_id,s_pitcher_hand,ump_id,ump_name,pa,ab,h,r,rbi,hr,tb,k,bb,pa_last_7,ab_last_7,h_last_7,r_last_7,rbi_last_7,hr_last_7,tb_last_7,bb_last_7,k_last_7,ba_last_7,obp_last_7,slg_last_7,pa_last_15,ab_last_15,h_last_15,r_last_15,rbi_last_15,hr_last_15,tb_last_15,bb_last_15,k_last_15,ba_last_15,obp_last_15,slg_last_15,pa_last_30,ab_last_30,h_last_30,r_last_30,rbi_last_30,hr_last_30,tb_last_30,bb_last_30,k_last_30,ba_last_30,obp_last_30,slg_last_30,games_played,pa_per_game,ab_per_game,h_per_game,r_per_game,rbi_per_game,hr_per_game,tb_per_game,bb_per_game,k_per_game,ba_szn,obp_szn,slg_szn,series_games_played,series_pa,series_ab,series_h,series_r,series_rbi,series_hr,series_tb,series_bb,series_k,series_ba,series_obp,series_slg,bv_opp_sp_pa,bv_opp_sp_ab,bv_opp_sp_h,bv_opp_sp_r,bv_opp_sp_rbi,bv_opp_sp_hr,bv_opp_sp_tb,bv_opp_sp_bb,bv_opp_sp_k,bv_opp_sp_ba,bv_opp_sp_obp,bv_opp_sp_slg,bv_opp_games_played,bv_opp_pa,bv_opp_ab,bv_opp_h,bv_opp_r,bv_opp_rbi,bv_opp_hr,bv_opp_tb,bv_opp_bb,bv_opp_k,bv_opp_ba,bv_opp_obp,bv_opp_slg,sp_games_started,sp_ip_per_game,sp_p_per_game,sp_s_per_game,sp_s%,sp_bf_per_game,sp_ab_per_game,sp_h_per_game,sp_r_per_game,sp_er_per_game,sp_hr_per_game,sp_tb_per_game,sp_bb_per_game,sp_k_per_game,sp_k%,sp_to_per_game,sp_era,sp_whip_per_game,sp_whip_szn,sp_baa,sp_vs_team_ip,sp_vs_team_p,sp_vs_team_s,sp_vs_team_s%,sp_vs_team_bf,sp_vs_team_ab,sp_vs_team_h,sp_vs_team_r,sp_vs_team_er,sp_vs_team_hr,sp_vs_team_tb,sp_vs_team_bb,sp_vs_team_k,sp_vs_team_k%,sp_vs_team_to,sp_vs_team_era,sp_vs_team_whip,sp_vs_team_baa,opp_num_pitchers_per_game,opp_p_per_game,opp_s_per_game,opp_s%,opp_bf_per_game,opp_ab_per_game,opp_h_per_game,opp_r_per_game,opp_er_per_game,opp_hr_per_game,opp_tb_per_game,opp_bb_per_game,opp_k_per_game,opp_k%,opp_to_per_game,opp_era,opp_whip,opp_baa,team_vs_opp_games_played,team_vs_opp_num_batters,team_vs_opp_pa,team_vs_opp_ab,team_vs_opp_h,team_vs_opp_r,team_vs_opp_rbi,team_vs_opp_hr,team_vs_opp_tb,team_vs_opp_bb,team_vs_opp_k,team_vs_opp_ba,team_vs_opp_obp,team_vs_opp_slg,ump_k%,ump_bb%,ump_r_per_game,ump_ba,ump_obp,ump_slg,ump_k_boost,ump_bb_boost,ump_r_boost,ump_ba_boost,ump_obp_boost,ump_slg_boost,ven_hr_x,ven_3B_x,ven_2B_x,ven_1B_x,ven_ba_x,ven_obp_x,ven_slg_x,ven_woba_x,ven_r_x
Shohei,Ohtani,660271,745386,True,106,True,2024-07-31,2040,73,8,Petco Park,2680,Los Angeles Dodgers,119,San Diego Padres,135,False,L,1,30,6,3.5,1.6,dylan,cease,656302,R,521251,Ben May,4,3,0,0,0,0,0,0,1,4.714285714285714,3.857142857142857,1.1428571428571428,0.7142857142857143,0.8571428571428571,0.2857142857142857,2.4285714285714284,0.8571428571428571,1.4285714285714286,0.2962962962962963,0.4242424242424242,0.6296296296296297,4.666666666666667,3.8666666666666663,1.0666666666666669,0.7333333333333333,0.6666666666666666,0.2666666666666666,2.4,0.8,1.3333333333333333,0.2758620689655172,0.4,0.6206896551724138,4.633333333333334,3.7666666666666666,1.0666666666666669,0.7666666666666667,0.7,0.3333333333333333,2.433333333333333,0.8,1.4333333333333331,0.2831858407079646,0.4100719424460431,0.6460176991150443,105,4.571428571428571,3.914285714285714,1.2190476190476192,0.7904761904761904,0.7238095238095238,0.3047619047619048,2.4761904761904763,0.580952380952381,1.0380952380952382,0.311,0.402,0.633,1.0,5.0,4.0,0.0,1.0,0.0,0.0,0.0,1.0,2.0,0.0,0.2,0.0,,,,,,,,,,,,,8.0,4.75,4.0,1.125,0.5,0.5,0.125,1.875,0.5,0.625,0.28125,0.3421052631578947,0.46875,22,5.954545454545454,99.8181818181818,63.22727272727273,0.6334244080145719,23.5,21.181818181818183,4.045454545454546,2.4545454545454546,2.3181818181818183,0.6818181818181818,7.227272727272727,1.818181818181818,7.636363636363637,0.3249516441005802,17.863636363636363,3.5,1.1827807707788731,0.9847328244274808,0.1909871244635193,,,,,,,,,,,,,,,,,,,4.26605504587156,146.38532110091742,94.31192660550458,0.644271747305089,37.10091743119266,33.41284403669725,8.100917431192661,4.293577981651376,4.0,1.0825688073394495,13.238532110091745,2.871559633027523,8.79816513761468,0.2371414441147379,26.53761467889908,4.07,1.2404065546567102,0.2424492037342119,9.0,9.666666666666666,40.22222222222222,34.44444444444444,7.111111111111111,4.666666666666667,4.555555555555555,1.0,11.22222222222222,4.666666666666667,8.666666666666666,0.2064516129032258,0.3011049723756906,0.3258064516129032,0.223,0.081,8.61,0.246,0.313,0.402,1.0,0.95,0.97,0.99,0.98,0.98,0.98,0.71,0.96,0.93,0.95,0.99,0.96,0.98,0.94
Alec,Burleson,676475,745148,True,101,True,2024-07-31,1415,94,6,Busch Stadium,2889,St. Louis Cardinals,138,Texas Rangers,140,True,L,3,25,2,3.4,1.58,andrew,heaney,571760,L,575629,Shane Livensparger,4,4,1,1,2,0,1,0,0,4.428571428571429,4.0,0.5714285714285714,0.5714285714285714,0.2857142857142857,0.0,0.5714285714285714,0.4285714285714285,0.2857142857142857,0.1428571428571428,0.2258064516129032,0.1428571428571428,4.4,4.066666666666666,1.1333333333333333,0.6,0.8666666666666667,0.2,1.8666666666666667,0.2,0.2666666666666666,0.2786885245901639,0.303030303030303,0.4590163934426229,4.466666666666667,4.0,1.0666666666666669,0.5,0.9333333333333332,0.2,1.8333333333333333,0.2333333333333333,0.4,0.2666666666666666,0.2985074626865671,0.4583333333333333,100,3.9,3.62,1.02,0.47,0.61,0.18,1.7,0.17,0.49,0.282,0.315,0.47,2.0,4.0,3.5,0.5,1.0,0.5,0.0,0.5,0.5,0.0,0.1428571428571428,0.25,0.1428571428571428,,,,,,,,,,,,,2.0,4.0,3.5,0.5,1.0,0.5,0.0,0.5,0.5,0.0,0.1428571428571428,0.25,0.1428571428571428,21,5.0,84.33333333333333,55.523809523809526,0.6583850931677019,21.52380952380953,19.714285714285715,4.857142857142857,2.380952380952381,2.095238095238096,0.6666666666666666,8.0,1.4285714285714286,5.0,0.2323008849557522,15.0,3.77,1.43970551827017,1.2571428571428571,0.2463768115942029,,,,,,,,,,,,,,,,,,,3.888888888888889,145.84259259259258,93.19444444444444,0.6390070471716082,37.138888888888886,33.07407407407408,7.694444444444445,4.287037037037037,3.990740740740741,1.1759259259259258,12.833333333333334,3.3703703703703702,8.36111111111111,0.225130890052356,26.34444444444444,4.09,1.2600168705187684,0.2326427771556551,2.0,9.5,35.5,32.5,8.0,5.5,5.5,1.5,14.0,1.5,6.0,0.2461538461538461,0.3098591549295774,0.4307692307692308,0.219,0.085,9.06,0.249,0.32,0.413,0.98,1.0,1.02,1.01,1.01,1.01,0.84,1.1,0.89,1.05,0.98,0.98,0.94,0.96,0.93
Jurickson,Profar,595777,745386,True,108,True,2024-07-31,2040,73,8,Petco Park,2680,San Diego Padres,135,Los Angeles Dodgers,119,True,S,2,31,12,3.41,1.64,clayton,kershaw,477132,L,521251,Ben May,4,4,2,0,2,0,2,1,0,4.857142857142857,4.0,1.2857142857142858,1.1428571428571428,1.2857142857142858,0.5714285714285714,3.142857142857143,0.7142857142857143,0.4285714285714285,0.3214285714285714,0.4411764705882353,0.7857142857142857,4.6,4.066666666666666,0.9333333333333332,0.5333333333333333,0.6,0.2666666666666666,1.8,0.4,0.4666666666666667,0.2295081967213114,0.3188405797101449,0.4426229508196721,4.433333333333334,3.933333333333333,1.0,0.6,0.7,0.2666666666666666,1.9666666666666663,0.3666666666666666,0.6,0.2542372881355932,0.3308270676691729,0.5,107,4.121495327102804,3.532710280373832,1.0654205607476634,0.5607476635514018,0.6355140186915887,0.1682242990654205,1.7289719626168225,0.4859813084112149,0.5887850467289719,0.302,0.394,0.489,1.0,5.0,3.0,1.0,1.0,1.0,0.0,1.0,2.0,0.0,0.3333333333333333,0.6,0.3333333333333333,,,,,,,,,,,,,9.0,4.0,3.2222222222222223,0.7777777777777778,0.2222222222222222,0.4444444444444444,0.0,0.8888888888888888,0.7777777777777778,0.8888888888888888,0.2413793103448275,0.3888888888888889,0.2758620689655172,1,4.0,72.0,47.0,0.6527777777777778,20.0,18.0,6.0,2.0,2.0,0.0,9.0,2.0,6.0,0.3,12.0,4.5,2.0,2.0,0.3333333333333333,,,,,,,,,,,,,,,,,,,4.342592592592593,143.96296296296296,92.55555555555556,0.6429122716748135,37.27777777777778,33.351851851851855,7.685185185185185,4.074074074074074,3.7777777777777777,1.1759259259259258,12.98148148148148,3.1481481481481484,8.592592592592593,0.23050173869846,26.819444444444443,3.8,1.2118073537027447,0.2304275402554136,9.0,10.555555555555555,38.44444444444444,33.55555555555556,8.222222222222221,5.0,4.666666666666667,1.4444444444444444,14.11111111111111,3.888888888888889,7.777777777777778,0.2450331125827814,0.3294797687861271,0.4205298013245033,0.223,0.081,8.61,0.246,0.313,0.402,1.0,0.95,0.97,0.99,0.98,0.98,0.95,0.735,1.015,0.94,0.96,0.99,0.965,0.98,0.935
Jose,Altuve,514888,746363,True,105,True,2024-07-31,2010,73,0,Minute Maid Park,2392,Houston Astros,117,Pittsburgh Pirates,134,True,R,1,34,13,2.85,1.27,jake,woodford,663765,R,598411,Nestor Ceja,4,4,0,0,0,0,0,0,0,4.428571428571429,4.0,1.4285714285714286,0.4285714285714285,0.4285714285714285,0.0,1.8571428571428568,0.4285714285714285,0.5714285714285714,0.3571428571428571,0.4193548387096774,0.4642857142857143,4.266666666666667,4.066666666666666,1.2666666666666666,0.3333333333333333,0.4,0.0666666666666666,1.6666666666666667,0.2,0.6,0.3114754098360656,0.34375,0.4098360655737705,4.466666666666667,4.2,1.4333333333333331,0.5666666666666667,0.5666666666666667,0.1,1.9666666666666663,0.2333333333333333,0.8333333333333334,0.3412698412698413,0.3805970149253731,0.4682539682539682,104,4.4423076923076925,4.134615384615385,1.2788461538461535,0.5769230769230769,0.4519230769230769,0.1346153846153846,1.8846153846153848,0.2692307692307692,0.8365384615384616,0.309,0.357,0.456,2.0,5.0,4.5,1.5,0.0,0.5,0.0,1.5,0.5,0.5,0.3333333333333333,0.4,0.3333333333333333,,,,,,,,,,,,,2.0,5.0,4.5,1.5,0.0,0.5,0.0,1.5,0.5,0.5,0.3333333333333333,0.4,0.3333333333333333,2,4.166666666666666,86.5,54.0,0.6242774566473989,23.0,20.0,7.5,5.0,5.0,1.0,13.0,2.5,3.5,0.1521739130434782,12.5,10.8,2.4786585365853657,2.4000000000000004,0.375,,,,,,,,,,,,,,,,,,,4.0,144.18691588785046,94.59813084112147,0.6560798548094374,37.98130841121496,34.03738317757009,8.401869158878505,4.214953271028038,3.766355140186916,0.9813084112149532,13.429906542056075,3.0654205607476634,8.411214953271028,0.2214566929133858,26.842990654205607,3.78,1.2815959891372468,0.2468423942888522,2.0,11.0,38.5,34.5,9.5,2.5,2.0,0.5,11.5,3.5,7.5,0.2753623188405797,0.3506493506493506,0.3333333333333333,0.229,0.081,8.97,0.243,0.311,0.401,0.97,0.89,0.97,0.99,0.97,0.96,1.05,1.27,0.91,0.98,0.98,0.98,1.0,0.99,0.97
William,Contreras,661388,745960,True,104,True,2024-07-31,1410,86,5,American Family Field,32,Milwaukee Brewers,158,Atlanta Braves,144,True,R,8,26,4,3.49,1.62,chris,sale,519242,L,483919,Mark Ripperger,2,1,0,0,0,0,0,1,1,4.142857142857143,3.4285714285714284,0.8571428571428571,0.1428571428571428,0.1428571428571428,0.0,1.1428571428571428,0.7142857142857143,0.7142857142857143,0.25,0.3793103448275862,0.3333333333333333,4.466666666666667,3.8,0.7333333333333333,0.2666666666666666,0.3333333333333333,0.0666666666666666,1.2,0.6666666666666666,1.0666666666666669,0.1929824561403508,0.3134328358208955,0.3157894736842105,4.466666666666667,3.933333333333333,0.9333333333333332,0.4333333333333333,0.3,0.0666666666666666,1.4333333333333331,0.5333333333333333,0.8666666666666667,0.2372881355932203,0.3283582089552239,0.3644067796610169,103,4.495145631067961,4.029126213592233,1.135922330097087,0.6407766990291263,0.5533980582524272,0.1067961165048543,1.7281553398058251,0.4271844660194174,0.8640776699029126,0.282,0.352,0.429,2.0,4.0,3.0,0.0,0.0,0.0,0.0,0.0,1.0,0.5,0.0,0.25,0.0,,,,,,,,,,,,,2.0,4.0,3.0,0.0,0.0,0.0,0.0,0.0,1.0,0.5,0.0,0.25,0.0,19,6.175438596491227,95.47368421052632,65.3157894736842,0.6841234840132304,24.0,22.26315789473684,4.368421052631579,1.8421052631578947,1.8421052631578947,0.4210526315789473,6.842105263157895,1.3157894736842106,7.842105263157895,0.3267543859649123,18.526315789473685,2.68,0.9844825402362576,0.9204545454545456,0.1962174940898345,,,,,,,,,,,,,,,,,,,3.89622641509434,141.43396226415095,92.83018867924528,0.656350053361793,36.63207547169812,33.113207547169814,7.764150943396227,3.716981132075472,3.4339622641509435,0.9339622641509434,12.235849056603774,2.7735849056603774,9.047169811320757,0.2469739891836209,26.589622641509436,3.48,1.188930282064928,0.2344729344729344,2.0,10.5,36.0,33.5,8.5,4.5,4.5,1.5,15.0,2.0,9.5,0.2537313432835821,0.2916666666666667,0.4477611940298507,0.22,0.078,9.13,0.253,0.318,0.42,0.99,0.92,1.03,1.02,1.0,1.03,,,,,,,,,
Bryce,Harper,547180,745543,True,93,True,2024-07-31,1235,87,9,Citizens Bank Park,2681,Philadelphia Phillies,143,New York Yankees,147,True,L,3,31,12,3.27,1.65,nestor,cortes,641482,L,503502,Ryan Blakney,5,5,0,0,0,0,0,2,0,4.428571428571429,4.142857142857143,0.2857142857142857,0.2857142857142857,0.2857142857142857,0.1428571428571428,0.8571428571428571,0.2857142857142857,1.1428571428571428,0.0689655172413793,0.1290322580645161,0.2068965517241379,4.4,3.8666666666666663,0.6666666666666666,0.6,0.6,0.2666666666666666,1.6,0.5333333333333333,0.7333333333333333,0.1724137931034483,0.2727272727272727,0.4137931034482758,4.466666666666667,4.066666666666666,1.1,0.7666666666666667,0.7,0.3,2.333333333333333,0.4,0.7666666666666667,0.2704918032786885,0.3358208955223881,0.5737704918032787,92,4.413043478260869,3.793478260869565,1.0543478260869563,0.6630434782608695,0.7282608695652174,0.2608695652173913,2.0760869565217392,0.5978260869565217,0.9239130434782608,0.278,0.374,0.547,2.0,5.0,4.5,0.0,0.0,0.0,0.0,0.0,0.5,1.5,0.0,0.1,0.0,,,,,,,,,,,,,2.0,5.0,4.5,0.0,0.0,0.0,0.0,0.0,0.5,1.5,0.0,0.1,0.0,22,5.651515151515151,92.63636363636364,60.90909090909091,0.6575073601570167,23.454545454545453,21.863636363636363,5.636363636363637,2.636363636363636,2.590909090909091,0.8636363636363636,9.681818181818182,1.181818181818182,5.2727272727272725,0.2248062015503876,16.954545454545453,4.13,1.3403407391817914,1.2064343163538875,0.2577962577962578,6.333333333333333,97.0,64.0,0.0314033366045142,23.0,22.0,3.0,2.0,2.0,0.0,4.0,1.0,9.0,0.391304347826087,19.0,3.72,0.6315789473684211,0.1363636363636363,4.119266055045872,151.22935779816513,96.0183486238532,0.6349187090512012,37.71559633027523,33.51376146788991,7.669724770642202,4.064220183486238,3.651376146788991,1.201834862385321,13.229357798165138,3.2752293577981653,8.788990825688073,0.233033325225006,26.771559633027525,3.68,1.2264829855042665,0.2288529975362715,2.0,11.0,45.0,39.5,8.5,5.0,4.0,1.0,12.0,4.5,10.0,0.2151898734177215,0.3111111111111111,0.3037974683544304,0.232,0.08,8.58,0.24,0.308,0.403,1.09,0.98,0.96,0.94,0.96,0.97,1.22,0.99,0.88,0.98,0.98,0.98,1.02,1.0,1.06
Aaron,Judge,592450,745543,True,108,True,2024-07-31,1235,87,9,Citizens Bank Park,2681,New York Yankees,147,Philadelphia Phillies,143,False,R,3,32,8,4.01,1.84,cristopher,sánchez,650911,L,503502,Ryan Blakney,4,4,0,0,0,0,0,4,0,5.142857142857143,3.4285714285714284,1.5714285714285714,1.1428571428571428,1.4285714285714286,0.5714285714285714,3.4285714285714284,1.5714285714285714,0.8571428571428571,0.4583333333333333,0.6388888888888888,1.0,4.933333333333334,3.333333333333333,1.3333333333333333,0.9333333333333332,1.0666666666666669,0.4666666666666667,2.8666666666666667,1.4666666666666666,0.8666666666666667,0.4,0.5945945945945946,0.86,4.6,3.533333333333333,1.3,0.8333333333333334,0.9666666666666668,0.3666666666666666,2.5,0.9333333333333332,0.9666666666666668,0.3679245283018867,0.5144927536231884,0.7075471698113207,107,4.4672897196261685,3.5700934579439254,1.1401869158878504,0.7850467289719626,0.9252336448598132,0.3644859813084112,2.485981308411215,0.8037383177570093,1.074766355140187,0.319,0.451,0.696,2.0,5.5,4.5,2.5,1.5,1.5,1.0,5.5,1.0,1.5,0.5555555555555556,0.6363636363636364,1.2222222222222223,,,,,,,,,,,,,2.0,5.5,4.5,2.5,1.5,1.5,1.0,5.5,1.0,1.5,0.5555555555555556,0.6363636363636364,1.2222222222222223,20,5.750000000000001,87.5,58.4,0.6674285714285715,23.7,22.05,5.75,2.25,1.95,0.15,7.35,1.5,4.55,0.1919831223628691,17.25,3.05,1.4011453455678706,1.2608695652173911,0.2607709750566893,5.666666666666667,108.0,70.0,0.04,27.0,23.0,7.0,3.0,3.0,0.0,11.0,3.0,5.0,0.1851851851851851,17.0,3.43,1.7647058823529411,0.3043478260869565,4.130841121495327,144.15887850467288,93.27102803738318,0.6470016207455429,37.13084112149533,33.73831775700935,7.822429906542056,3.9158878504672896,3.5233644859813085,0.9813084112149532,12.570093457943925,2.7289719626168223,8.962616822429906,0.2413793103448276,26.901869158878505,3.53,1.1766545075560189,0.2318559556786703,2.0,12.0,48.0,41.5,12.5,10.5,10.5,4.0,27.5,5.5,9.5,0.3012048192771084,0.375,0.6626506024096386,0.232,0.08,8.58,0.24,0.308,0.403,1.09,0.98,0.96,0.94,0.96,0.97,1.17,1.1,0.98,0.97,1.01,1.01,1.05,1.03,0.98
Juan,Soto,665742,745543,True,106,True,2024-07-31,1235,87,9,Citizens Bank Park,2681,New York Yankees,147,Philadelphia Phillies,143,False,L,2,25,6,3.08,1.5,cristopher,sánchez,650911,L,503502,Ryan Blakney,4,3,1,0,0,0,1,1,1,5.142857142857143,4.0,1.1428571428571428,1.0,0.8571428571428571,0.2857142857142857,2.4285714285714284,1.1428571428571428,0.4285714285714285,0.2857142857142857,0.4444444444444444,0.6071428571428571,5.0,4.266666666666667,1.6666666666666667,1.1333333333333333,0.9333333333333332,0.4,3.6,0.7333333333333333,0.6666666666666666,0.390625,0.48,0.84375,4.766666666666667,3.8333333333333335,1.2333333333333334,0.9333333333333332,0.7,0.3,2.533333333333333,0.9333333333333332,0.6333333333333333,0.3217391304347826,0.4545454545454545,0.6608695652173913,105,4.59047619047619,3.695238095238096,1.1428571428571428,0.8476190476190476,0.7333333333333333,0.2571428571428571,2.2,0.8380952380952381,0.7047619047619048,0.309,0.436,0.595,2.0,5.5,4.5,2.0,1.5,1.5,0.0,3.0,1.0,0.5,0.4444444444444444,0.5454545454545454,0.6666666666666666,,,,,,,,,,,,,2.0,5.5,4.5,2.0,1.5,1.5,0.0,3.0,1.0,0.5,0.4444444444444444,0.5454545454545454,0.6666666666666666,20,5.750000000000001,87.5,58.4,0.6674285714285715,23.7,22.05,5.75,2.25,1.95,0.15,7.35,1.5,4.55,0.1919831223628691,17.25,3.05,1.4011453455678706,1.2608695652173911,0.2607709750566893,5.666666666666667,108.0,70.0,0.04,27.0,23.0,7.0,3.0,3.0,0.0,11.0,3.0,5.0,0.1851851851851851,17.0,3.43,1.7647058823529411,0.3043478260869565,4.130841121495327,144.15887850467288,93.27102803738318,0.6470016207455429,37.13084112149533,33.73831775700935,7.822429906542056,3.9158878504672896,3.5233644859813085,0.9813084112149532,12.570093457943925,2.7289719626168223,8.962616822429906,0.2413793103448276,26.901869158878505,3.53,1.1766545075560189,0.2318559556786703,2.0,12.0,48.0,41.5,12.5,10.5,10.5,4.0,27.5,5.5,9.5,0.3012048192771084,0.375,0.6626506024096386,0.232,0.08,8.58,0.24,0.308,0.403,1.09,0.98,0.96,0.94,0.96,0.97,1.22,0.99,0.88,0.98,0.98,0.98,1.02,1.0,1.06
Gunnar,Henderson,683002,747003,True,107,True,2024-07-31,1235,90,2,Oriole Park at Camden Yards,2,Baltimore Orioles,110,Toronto Blue Jays,141,True,L,3,23,2,3.65,1.69,paolo,espino,502179,R,482641,Adrian Johnson,5,4,2,2,1,0,4,1,1,4.571428571428571,3.7142857142857135,0.8571428571428571,0.7142857142857143,0.1428571428571428,0.0,1.0,0.8571428571428571,0.5714285714285714,0.2307692307692307,0.375,0.2692307692307692,4.533333333333333,4.0,0.9333333333333332,0.6,0.2,0.0666666666666666,1.2666666666666666,0.5333333333333333,1.0,0.2333333333333333,0.3235294117647059,0.3166666666666666,4.466666666666667,4.066666666666666,1.2,0.7,0.3666666666666666,0.1333333333333333,1.8333333333333333,0.4,1.0,0.2950819672131147,0.3582089552238806,0.4508196721311475,106,4.556603773584905,3.962264150943396,1.1226415094339623,0.8113207547169812,0.6037735849056604,0.2641509433962264,2.19811320754717,0.5188679245283019,1.0471698113207548,0.283,0.373,0.555,2.0,4.5,3.5,1.0,2.0,0.0,0.0,1.0,1.0,0.5,0.2857142857142857,0.4444444444444444,0.2857142857142857,,,,,,,,,,,,,8.0,4.375,3.5,0.625,0.875,0.0,0.0,1.0,0.875,1.0,0.1785714285714285,0.3428571428571428,0.2857142857142857,2,2.333333333333333,41.5,26.0,0.6265060240963856,11.5,10.0,4.0,2.0,2.0,1.0,8.5,1.0,1.0,0.0869565217391304,7.0,7.71,2.340909090909091,2.1428571428571432,0.4,,,,,,,,,,,,,,,,,,,4.37962962962963,146.38888888888889,94.08333333333331,0.6426944971537002,37.77777777777778,33.7962962962963,8.537037037037036,4.851851851851852,4.481481481481482,1.351851851851852,14.342592592592592,3.1296296296296298,8.101851851851851,0.2144607843137254,26.35,4.59,1.3282732447817838,0.2526027397260273,9.0,10.11111111111111,37.888888888888886,33.55555555555556,8.666666666666666,5.555555555555555,5.555555555555555,2.333333333333333,17.555555555555557,3.4444444444444446,7.333333333333333,0.2582781456953642,0.3313782991202346,0.5231788079470199,0.205,0.086,9.38,0.255,0.325,0.417,1.01,1.13,1.15,1.02,1.04,1.08,1.2,0.65,0.87,1.0,1.0,1.02,1.03,1.03,1.03
Vladimir,Guerrero Jr.,665489,747003,True,108,True,2024-07-31,1235,90,2,Oriole Park at Camden Yards,2,Toronto Blue Jays,141,Baltimore Orioles,110,False,R,3,25,5,3.68,1.61,grayson,rodriguez,680570,R,482641,Adrian Johnson,4,4,1,0,1,0,2,1,0,4.571428571428571,3.571428571428572,2.0,1.4285714285714286,1.0,0.4285714285714285,3.857142857142857,0.8571428571428571,0.4285714285714285,0.56,0.625,1.08,4.333333333333333,3.6666666666666665,1.7333333333333334,1.1333333333333333,1.0666666666666669,0.5333333333333333,3.733333333333333,0.5333333333333333,0.4,0.4727272727272727,0.5230769230769231,1.018181818181818,4.366666666666666,3.9,1.5333333333333334,0.9333333333333332,1.2,0.4,3.1666666666666665,0.3333333333333333,0.5333333333333333,0.3931623931623931,0.4351145038167939,0.811965811965812,107,4.364485981308412,3.869158878504673,1.205607476635514,0.5794392523364486,0.6448598130841121,0.1962616822429906,2.02803738317757,0.4485981308411215,0.6728971962616822,0.312,0.383,0.524,3.0,5.0,4.0,2.6666666666666665,1.6666666666666667,1.6666666666666667,0.6666666666666666,5.666666666666667,1.0,0.3333333333333333,0.6666666666666666,0.7333333333333333,1.4166666666666667,4.0,4.0,2.0,1.0,1.0,1.0,5.0,0.0,0.0,0.5,0.5,1.25,9.0,4.333333333333333,3.555555555555556,1.6666666666666667,1.0,1.0,0.4444444444444444,3.333333333333333,0.7777777777777778,0.4444444444444444,0.46875,0.5641025641025642,0.9375,19,5.824561403508771,93.84210526315788,61.94736842105263,0.6601233875490746,24.36842105263158,22.31578947368421,5.421052631578948,2.526315789473684,2.473684210526316,0.7368421052631579,8.947368421052632,1.736842105263158,6.421052631578948,0.2634989200863931,17.473684210526315,3.82,1.308522763397859,1.2289156626506026,0.2429245283018868,,,,,,,,,,,,,,,,,,,4.333333333333333,146.44444444444446,93.91666666666669,0.6413125948406677,37.67592592592592,33.97222222222222,7.935185185185185,4.222222222222222,3.7777777777777777,1.0277777777777777,13.01851851851852,2.9722222222222223,8.574074074074074,0.227574342590317,26.87222222222222,3.79,1.217696919578251,0.2335786317797765,9.0,10.444444444444445,38.0,34.333333333333336,8.11111111111111,3.555555555555556,3.555555555555556,0.7777777777777778,12.333333333333334,3.111111111111111,6.777777777777778,0.2362459546925566,0.3011695906432748,0.3592233009708738,0.205,0.086,9.38,0.255,0.325,0.417,1.01,1.13,1.15,1.02,1.04,1.08,1.11,0.9,1.01,0.99,1.0,0.98,1.03,1.0,0.98
,,,,,,,,,,,,,,,,,,,,,,,,,,,,,,,,,,,,,,,,,,,,,,,,,,,,,,,,,,,,,,,,,,,,,,,,,,,,,,,,,,,,,,,,,,,,,,,,,,,,,,,,,,,,,,,,,,,,,,,,,,,,,,,,,,,,,,,,,,,,,,,,,,,,,,,,,,,,,,,,,,,,,,,,,,,,,,,,,,,,,,,,,,,,,,,,,,,,,,,,,,,,,,,,,,,,,,,,
Shohei,Ohtani,660271,745631,True,107,False,2024-08-02,2140,72,8,Oakland Coliseum,10,Los Angeles Dodgers,119,Oakland Athletics,133,False,L,1,30,6,3.5,1.6,joey,estes,683155,R,427093,Phil Cuzzi,5,5,1,1,3,1,4,0,0,4.571428571428571,3.571428571428572,0.8571428571428571,0.7142857142857143,0.4285714285714285,0.2857142857142857,2.0,1.0,1.0,0.24,0.40625,0.56,4.666666666666667,3.8,1.0666666666666669,0.7333333333333333,0.6666666666666666,0.2666666666666666,2.4,0.8666666666666667,1.2,0.2807017543859649,0.4142857142857143,0.631578947368421,4.6,3.733333333333333,1.0333333333333334,0.7333333333333333,0.6333333333333333,0.3,2.3,0.8,1.4333333333333331,0.2767857142857143,0.4057971014492754,0.6160714285714286,106,4.566037735849057,3.9056603773584895,1.2075471698113207,0.7830188679245284,0.7169811320754716,0.3018867924528302,2.452830188679245,0.5849056603773585,1.028301886792453,0.309,0.4,0.628,,,,,,,,,,,,,,,,,,,,,,,,,,,,,,,,,,,,,,,14,5.095238095238095,79.21428571428571,55.5,0.7006311992786294,21.571428571428573,19.5,5.0,2.857142857142857,2.7857142857142856,0.6428571428571429,9.0,1.3571428571428572,3.7857142857142856,0.1754966887417218,15.285714285714286,4.92,1.8624505276144616,1.2476635514018692,0.2564102564102564,,,,,,,,,,,,,,,,,,,4.2,144.46363636363637,92.6818181818182,0.6415581146560947,37.8,33.40909090909091,8.545454545454545,4.7,4.263636363636364,1.0272727272727271,13.927272727272728,3.3,7.5,0.1984126984126984,26.383636363636363,4.36,1.346909241265247,0.25578231292517,,,,,,,,,,,,,,,0.219,0.077,8.5,0.247,0.311,0.402,0.94,0.89,0.94,1.01,0.98,0.98,0.8,0.75,1.13,0.96,0.96,0.98,0.93,0.96,0.85
Alec,Burleson,676475,746845,True,102,False,2024-08-02,1420,77,10,Wrigley Field,17,St. Louis Cardinals,138,Chicago Cubs,112,False,L,2,25,2,3.4,1.58,javier,assad,665871,R,427129,Bruce Dreckman,5,4,0,1,0,0,0,1,1,4.428571428571429,4.0,0.5714285714285714,0.7142857142857143,0.4285714285714285,0.0,0.5714285714285714,0.4285714285714285,0.2857142857142857,0.1428571428571428,0.2258064516129032,0.1428571428571428,4.4,4.066666666666666,1.1333333333333333,0.6666666666666666,1.0,0.2,1.8666666666666667,0.2,0.2,0.2786885245901639,0.303030303030303,0.4590163934426229,4.466666666666667,4.033333333333333,1.1,0.5333333333333333,0.9666666666666668,0.2,1.8666666666666667,0.2333333333333333,0.4,0.2727272727272727,0.3059701492537313,0.4628099173553719,101,3.900990099009901,3.623762376237624,1.0198019801980198,0.4752475247524752,0.6237623762376238,0.1782178217821782,1.693069306930693,0.1683168316831683,0.4851485148514851,0.281,0.315,0.467,,,,,,,,,,,,,,4.0,3.5,1.0,0.5,0.5,0.0,1.0,0.0,0.0,0.2857142857142857,0.25,0.2857142857142857,9.0,4.0,3.888888888888889,1.4444444444444444,0.6666666666666666,0.5555555555555556,0.2222222222222222,2.4444444444444446,0.0,0.1111111111111111,0.3714285714285714,0.3611111111111111,0.6285714285714287,19,4.982456140350877,86.57894736842105,53.05263157894737,0.6127659574468085,21.57894736842105,18.73684210526316,4.526315789473684,1.894736842105263,1.7894736842105263,0.6842105263157895,7.684210526315789,2.210526315789474,4.526315789473684,0.2097560975609756,14.947368421052632,3.23,1.5501218486547317,1.3521126760563382,0.2415730337078651,3.666666666666667,62.5,40.0,0.0486322188449848,19.0,16.0,6.0,3.5,3.5,2.0,12.5,2.5,4.0,0.2105263157894736,11.0,3.27,2.318181818181818,0.375,4.0,143.63963963963965,92.74774774774777,0.6456974410436528,37.306306306306304,33.585585585585584,8.00900900900901,4.216216216216216,3.711711711711712,1.063063063063063,12.81081081081081,2.990990990990991,8.54954954954955,0.2291716976575706,26.42162162162162,3.79,1.2489770867430443,0.2384656652360515,10.0,10.5,36.6,34.1,9.3,4.1,4.0,1.0,13.8,1.9,7.5,0.2727272727272727,0.3169398907103825,0.4046920821114369,0.206,0.084,8.68,0.249,0.319,0.403,0.92,0.99,0.98,1.01,1.0,0.99,0.98,1.56,1.01,0.99,1.01,1.01,1.01,1.01,0.99
Jurickson,Profar,595777,745387,True,109,False,2024-08-02,2140,78,9,Petco Park,2680,San Diego Padres,135,Colorado Rockies,115,True,S,1,31,12,3.41,1.64,austin,gomber,596295,L,427520,Larry Vanover,4,3,0,0,0,0,0,1,1,4.714285714285714,3.857142857142857,1.4285714285714286,1.0,1.4285714285714286,0.4285714285714285,2.857142857142857,0.7142857142857143,0.5714285714285714,0.3703703703703703,0.4848484848484848,0.7407407407407407,4.6,4.066666666666666,1.0666666666666669,0.5333333333333333,0.7333333333333333,0.2666666666666666,1.9333333333333331,0.4,0.4666666666666667,0.2622950819672131,0.3478260869565217,0.4754098360655737,4.4,3.9,1.0333333333333334,0.6,0.7333333333333333,0.2666666666666666,1.9666666666666663,0.3666666666666666,0.5333333333333333,0.2649572649572649,0.3409090909090909,0.5042735042735043,108,4.12037037037037,3.537037037037037,1.0740740740740742,0.5555555555555556,0.6481481481481481,0.1666666666666666,1.7314814814814814,0.4814814814814814,0.5925925925925926,0.304,0.395,0.49,,,,,,,,,,,,,,4.0,3.5,1.0,0.0,0.5,0.0,1.0,0.5,1.0,0.2857142857142857,0.375,0.2857142857142857,7.0,4.285714285714286,3.142857142857143,1.0,0.8571428571428571,1.0,0.2857142857142857,1.8571428571428568,1.0,0.5714285714285714,0.3181818181818182,0.4666666666666667,0.5909090909090909,20,5.450000000000001,88.75,57.65,0.6495774647887324,22.95,21.5,5.85,2.95,2.9,1.0,10.25,1.35,3.9,0.1699346405228758,16.35,4.79,1.5167812962654046,1.3211009174311923,0.2720930232558139,5.5,93.5,55.5,0.0625352112676056,21.5,19.0,3.0,0.5,0.5,0.0,3.5,2.5,3.5,0.1627906976744186,16.5,3.02,1.0,0.1578947368421052,3.936363636363637,149.56363636363636,94.6,0.6325066861171894,39.263636363636365,34.97272727272728,10.063636363636364,5.836363636363636,5.409090909090909,1.2727272727272727,16.181818181818183,3.4363636363636365,6.863636363636363,0.1748089835610095,26.479090909090907,5.5,1.529508703265012,0.2877566935274239,7.0,9.714285714285714,38.142857142857146,32.857142857142854,8.428571428571429,4.0,3.857142857142857,0.7142857142857143,11.714285714285714,4.714285714285714,5.857142857142857,0.2565217391304348,0.3445692883895131,0.3565217391304348,0.205,0.085,8.85,0.254,0.323,0.409,1.17,0.97,0.95,0.96,0.97,0.98,0.95,0.735,1.015,0.94,0.96,0.99,0.965,0.98,0.935
Jose,Altuve,514888,746354,True,106,False,2024-08-02,2010,73,0,Minute Maid Park,2392,Houston Astros,117,Tampa Bay Rays,139,True,R,1,34,13,2.85,1.27,shane,baz,669358,R,427139,Doug Eddings,4,4,0,0,0,0,0,1,0,4.571428571428571,4.142857142857143,1.4285714285714286,0.4285714285714285,0.4285714285714285,0.0,1.8571428571428568,0.4285714285714285,0.4285714285714285,0.3448275862068966,0.40625,0.4482758620689655,4.266666666666667,4.066666666666666,1.2666666666666666,0.3333333333333333,0.4,0.0666666666666666,1.6666666666666667,0.2,0.6,0.3114754098360656,0.34375,0.4098360655737705,4.433333333333334,4.166666666666667,1.3333333333333333,0.5,0.5,0.1,1.8,0.2333333333333333,0.8333333333333334,0.32,0.3609022556390977,0.432,105,4.438095238095238,4.133333333333334,1.2666666666666666,0.5714285714285714,0.4476190476190476,0.1333333333333333,1.8666666666666667,0.2666666666666666,0.8285714285714286,0.306,0.354,0.452,,,,,,,,,,,,,,,,,,,,,,,,,,,,,,,,,,,,,,,4,4.916666666666666,80.5,51.25,0.6366459627329193,21.25,19.0,4.75,2.0,2.0,0.5,7.0,2.25,4.75,0.2235294117647059,14.75,3.66,1.6526357199055863,1.4237288135593222,0.25,,,,,,,,,,,,,,,,,,,4.398148148148148,145.17592592592592,94.96296296296296,0.654123349703425,37.75,34.21296296296296,8.277777777777779,4.444444444444445,4.055555555555555,1.287037037037037,13.842592592592592,2.7777777777777777,8.648148148148149,0.2290900171694873,26.84444444444444,4.08,1.2355132450331126,0.2419485791610284,,,,,,,,,,,,,,,0.216,0.074,8.33,0.25,0.312,0.402,1.02,0.9,0.93,0.98,0.97,0.96,1.05,1.27,0.91,0.98,0.98,0.98,1.0,0.99,0.97
William,Contreras,661388,744825,True,105,False,2024-08-02,1845,95,5,Nationals Park,3309,Milwaukee Brewers,158,Washington Nationals,120,False,R,3,26,4,3.49,1.62,jake,irvin,663623,R,427044,CB Bucknor,5,4,1,1,1,1,4,1,1,3.857142857142857,3.0,0.7142857142857143,0.1428571428571428,0.1428571428571428,0.0,1.0,0.8571428571428571,0.7142857142857143,0.238095238095238,0.4074074074074074,0.3333333333333333,4.266666666666667,3.533333333333333,0.6666666666666666,0.2666666666666666,0.2,0.0666666666666666,1.0666666666666669,0.7333333333333333,1.0666666666666669,0.1886792452830188,0.328125,0.3018867924528302,4.366666666666666,3.8,0.9,0.4,0.2666666666666666,0.0666666666666666,1.4,0.5666666666666667,0.8333333333333334,0.2368421052631578,0.3358778625954198,0.3684210526315789,104,4.471153846153846,4.0,1.125,0.6346153846153846,0.5480769230769231,0.1057692307692307,1.7115384615384617,0.4326923076923077,0.8653846153846154,0.281,0.353,0.428,,,,,,,,,,,,,,5.0,4.0,1.0,2.0,1.0,1.0,4.0,1.0,2.0,0.25,0.4,1.0,3.0,4.333333333333333,3.333333333333333,0.3333333333333333,1.0,0.3333333333333333,0.3333333333333333,1.3333333333333333,1.0,1.6666666666666667,0.0999999999999999,0.3076923076923076,0.3999999999999999,22,5.833333333333334,92.8181818181818,61.0,0.6571988246816847,23.363636363636363,21.772727272727277,4.954545454545454,2.4545454545454546,2.227272727272727,0.7727272727272727,8.681818181818182,1.3636363636363635,5.045454545454546,0.2159533073929961,17.5,3.44,1.183228030407394,1.0831168831168831,0.2275574112734864,,,,,,,,,,,,,,,,,,,,,,,,,,,,,,,,,,,,,3.0,10.0,38.333333333333336,32.333333333333336,7.333333333333333,5.333333333333333,5.0,1.0,13.0,5.666666666666667,11.666666666666666,0.2268041237113402,0.3478260869565217,0.4020618556701031,0.212,0.08,8.57,0.251,0.316,0.403,1.14,0.94,0.98,0.98,0.97,1.0,1.14,0.85,1.3,1.01,1.09,1.07,1.12,1.09,1.07
Bryce,Harper,547180,745224,True,94,False,2024-08-02,2140,77,2,T-Mobile Park,680,Philadelphia Phillies,143,Seattle Mariners,136,False,L,3,31,12,3.27,1.65,bryan,woo,693433,R,665281,Brian Walsh,4,4,0,0,0,0,0,3,0,4.571428571428571,4.285714285714286,0.1428571428571428,0.1428571428571428,0.2857142857142857,0.1428571428571428,0.5714285714285714,0.2857142857142857,1.4285714285714286,0.0333333333333333,0.09375,0.1333333333333333,4.4,3.933333333333333,0.6,0.6,0.6,0.2666666666666666,1.5333333333333334,0.4666666666666667,0.7333333333333333,0.1525423728813559,0.2424242424242424,0.3898305084745763,4.5,4.1,1.0666666666666669,0.7666666666666667,0.7,0.3,2.3,0.4,0.8333333333333334,0.2601626016260163,0.3259259259259259,0.5609756097560976,93,4.419354838709677,3.806451612903226,1.043010752688172,0.6559139784946236,0.7204301075268817,0.2580645161290322,2.053763440860215,0.5913978494623656,0.935483870967742,0.274,0.37,0.54,,,,,,,,,,,,,,,,,,,,,,,,,,,,,,,,,,,,,,,11,4.878787878787879,70.0909090909091,50.63636363636363,0.7224383916990921,18.90909090909091,18.09090909090909,3.8181818181818175,1.3636363636363635,1.2727272727272727,0.3636363636363636,5.545454545454546,0.5454545454545454,3.363636363636364,0.1778846153846154,14.636363636363637,2.35,1.0687639214736917,0.8944099378881988,0.2110552763819095,,,,,,,,,,,,,,,,,,,4.1909090909090905,137.12727272727273,90.73636363636363,0.6616945107398569,35.77272727272727,32.79090909090909,7.245454545454545,3.727272727272727,3.4,1.0,11.936363636363636,2.327272727272727,8.436363636363636,0.2358322744599746,26.51727272727272,3.46,1.0829990743597655,0.2209592459107291,,,,,,,,,,,,,,,0.231,0.082,9.14,0.255,0.323,0.43,1.01,0.95,0.99,1.03,1.01,1.04,1.04,0.75,0.83,0.95,0.94,0.95,0.95,0.95,0.94
Aaron,Judge,592450,745719,True,109,False,2024-08-02,1905,76,5,Yankee Stadium,3313,New York Yankees,147,Toronto Blue Jays,141,True,R,3,32,8,4.01,1.84,kevin,gausman,592332,R,623938,Erich Bacchus,5,4,2,1,2,1,5,2,1,5.0,3.857142857142857,1.5714285714285714,1.1428571428571428,1.4285714285714286,0.5714285714285714,3.4285714285714284,1.0,1.2857142857142858,0.4074074074074074,0.5428571428571428,0.8888888888888888,4.866666666666666,3.333333333333333,1.3333333333333333,0.9333333333333332,1.0666666666666669,0.4666666666666667,2.8666666666666667,1.4,1.0666666666666669,0.4,0.589041095890411,0.86,4.6,3.533333333333333,1.2666666666666666,0.8333333333333334,0.9666666666666668,0.3666666666666666,2.466666666666667,0.9333333333333332,1.0333333333333334,0.3584905660377358,0.5072463768115942,0.6981132075471698,108,4.462962962962963,3.574074074074074,1.1296296296296295,0.7777777777777778,0.9166666666666666,0.3611111111111111,2.462962962962963,0.7962962962962963,1.101851851851852,0.316,0.447,0.689,,,,,,,,,,,,,,5.0,4.0,1.6666666666666667,1.0,2.0,0.6666666666666666,3.6666666666666665,0.6666666666666666,2.0,0.4166666666666667,0.5333333333333334,0.9166666666666666,10.0,4.5,3.7,1.0,0.7,0.9,0.2,1.6,0.7,1.5,0.2702702702702702,0.4,0.4324324324324324,21,5.698412698412698,95.14285714285714,62.47619047619048,0.6566566566566566,24.23809523809524,22.476190476190474,5.619047619047619,3.142857142857143,2.8095238095238093,0.7619047619047619,9.571428571428571,1.5714285714285714,5.571428571428571,0.2298624754420432,17.095238095238095,4.44,1.6151441714413897,1.2618384401114209,0.25,3.555555555555556,86.33333333333333,50.66666666666666,0.076076076076076,19.33333333333333,15.0,5.0,4.666666666666667,4.333333333333333,1.0,9.333333333333334,3.333333333333333,4.333333333333333,0.2241379310344827,10.666666666666666,4.75,2.34375,0.3333333333333333,4.385321100917431,146.63302752293578,94.1743119266055,0.6422448851905149,37.84403669724771,33.81651376146789,8.577981651376147,4.89908256880734,4.532110091743119,1.3577981651376148,14.431192660550458,3.165137614678899,8.082568807339449,0.2135757575757575,26.32844036697248,4.64,1.3380723395358562,0.2536625067824199,10.0,9.4,38.2,33.5,8.6,5.7,5.4,1.1,13.8,3.8,9.2,0.2567164179104477,0.3350785340314136,0.4119402985074626,0.225,0.085,8.47,0.235,0.309,0.388,0.95,0.93,0.91,0.96,0.96,0.93,1.09,0.53,0.89,1.06,1.02,1.03,1.01,1.02,1.0
Juan,Soto,665742,745719,True,107,False,2024-08-02,1905,76,5,Yankee Stadium,3313,New York Yankees,147,Toronto Blue Jays,141,True,L,2,25,6,3.08,1.5,kevin,gausman,592332,R,623938,Erich Bacchus,5,4,1,2,0,0,2,1,1,5.0,3.857142857142857,1.2857142857142858,1.0,0.8571428571428571,0.2857142857142857,2.571428571428572,1.1428571428571428,0.4285714285714285,0.3333333333333333,0.4857142857142857,0.6666666666666666,4.933333333333334,4.266666666666667,1.6,1.0666666666666669,0.8666666666666667,0.3333333333333333,3.2666666666666666,0.6666666666666666,0.6666666666666666,0.375,0.4594594594594595,0.765625,4.733333333333333,3.8666666666666663,1.2333333333333334,0.9,0.7,0.3,2.533333333333333,0.8666666666666667,0.6333333333333333,0.3189655172413793,0.4436619718309859,0.6551724137931034,106,4.584905660377358,3.688679245283019,1.1415094339622642,0.839622641509434,0.7264150943396226,0.2547169811320754,2.188679245283019,0.839622641509434,0.7075471698113207,0.309,0.436,0.593,,,,,,,,,,,,,,5.0,3.0,2.0,1.0,1.6666666666666667,0.3333333333333333,3.333333333333333,2.0,0.0,0.6666666666666666,0.8,1.1111111111111112,9.0,4.555555555555555,3.333333333333333,1.1111111111111112,0.7777777777777778,1.0,0.2222222222222222,1.8888888888888888,1.1111111111111112,0.6666666666666666,0.3333333333333333,0.4878048780487805,0.5666666666666667,21,5.698412698412698,95.14285714285714,62.47619047619048,0.6566566566566566,24.23809523809524,22.476190476190474,5.619047619047619,3.142857142857143,2.8095238095238093,0.7619047619047619,9.571428571428571,1.5714285714285714,5.571428571428571,0.2298624754420432,17.095238095238095,4.44,1.6151441714413897,1.2618384401114209,0.25,3.555555555555556,86.33333333333333,50.66666666666666,0.076076076076076,19.33333333333333,15.0,5.0,4.666666666666667,4.333333333333333,1.0,9.333333333333334,3.333333333333333,4.333333333333333,0.2241379310344827,10.666666666666666,4.75,2.34375,0.3333333333333333,4.385321100917431,146.63302752293578,94.1743119266055,0.6422448851905149,37.84403669724771,33.81651376146789,8.577981651376147,4.89908256880734,4.532110091743119,1.3577981651376148,14.431192660550458,3.165137614678899,8.082568807339449,0.2135757575757575,26.32844036697248,4.64,1.3380723395358562,0.2536625067824199,10.0,9.4,38.2,33.5,8.6,5.7,5.4,1.1,13.8,3.8,9.2,0.2567164179104477,0.3350785340314136,0.4119402985074626,0.225,0.085,8.47,0.235,0.309,0.388,0.95,0.93,0.91,0.96,0.96,0.93,1.02,1.36,0.85,1.05,1.0,1.01,0.99,1.0,0.98
Gunnar,Henderson,683002,746605,True,109,True,2024-08-02,1910,80,4,Progressive Field,5,Baltimore Orioles,110,Cleveland Guardians,114,False,L,3,23,2,3.65,1.69,carlos,carrasco,471911,R,427164,Andy Fletcher,4,4,0,0,0,0,0,1,0,4.571428571428571,3.7142857142857135,1.2857142857142858,1.0,0.4285714285714285,0.0,1.8571428571428568,0.8571428571428571,0.5714285714285714,0.3461538461538461,0.46875,0.5,4.6,4.0,1.1333333333333333,0.7333333333333333,0.3333333333333333,0.0666666666666666,1.6666666666666667,0.6,0.8666666666666667,0.2833333333333333,0.3768115942028985,0.4166666666666667,4.466666666666667,4.1,1.2333333333333334,0.6333333333333333,0.3666666666666666,0.1,1.8333333333333333,0.3666666666666666,0.9666666666666668,0.3008130081300813,0.3582089552238806,0.4471544715447154,108,4.555555555555555,3.962962962962963,1.1388888888888888,0.8148148148148148,0.6111111111111112,0.2592592592592592,2.2222222222222223,0.5185185185185185,1.037037037037037,0.287,0.376,0.561,1.0,4.0,4.0,2.0,0.0,1.0,0.0,3.0,0.0,0.0,0.5,0.5,0.75,4.0,4.0,3.0,1.0,2.0,1.0,6.0,0.0,0.0,0.75,0.75,1.5,4.0,4.25,3.75,2.0,1.25,1.25,0.5,4.0,0.5,0.5,0.5333333333333333,0.5882352941176471,1.0666666666666669,19,5.0,80.78947368421052,52.36842105263158,0.6482084690553745,21.526315789473685,19.68421052631579,5.578947368421052,3.3157894736842106,3.1578947368421053,0.8947368421052632,10.052631578947368,1.4210526315789471,4.157894736842105,0.1931540342298288,15.0,5.68,1.4871317150341918,1.4,0.2834224598930481,,,,,,,,,,,,,,,,,,,4.638888888888889,144.27777777777777,93.0,0.6445899114362726,36.75,32.99074074074074,7.62037037037037,3.824074074074074,3.574074074074074,1.1574074074074074,13.194444444444445,3.064814814814815,8.824074074074074,0.2401108591584782,26.563888888888886,3.63,1.2067342884032208,0.2309851248947516,4.0,11.0,37.25,33.75,8.75,4.25,4.25,2.0,17.5,3.0,8.5,0.2592592592592592,0.3221476510067114,0.5185185185185185,0.206,0.086,8.87,0.253,0.324,0.403,1.11,1.02,1.01,0.98,1.0,1.0,0.98,0.88,1.02,1.0,1.0,1.01,1.0,1.0,1.08
Vladimir,Guerrero Jr.,665489,745719,True,109,False,2024-08-02,1905,76,5,Yankee Stadium,3313,Toronto Blue Jays,141,New York Yankees,147,False,R,3,25,5,3.68,1.61,marcus,stroman,573186,R,623938,Erich Bacchus,5,3,2,1,1,0,3,0,1,4.714285714285714,3.7142857142857135,2.0,1.4285714285714286,1.1428571428571428,0.4285714285714285,4.0,0.8571428571428571,0.5714285714285714,0.5384615384615384,0.6060606060606061,1.0769230769230769,4.333333333333333,3.733333333333333,1.7333333333333334,1.1333333333333333,1.0666666666666669,0.5333333333333333,3.8,0.5333333333333333,0.4666666666666667,0.4642857142857143,0.5230769230769231,1.0178571428571428,4.366666666666666,3.9,1.4666666666666666,0.9,1.1333333333333333,0.3666666666666666,3.0,0.3333333333333333,0.5666666666666667,0.376068376068376,0.4198473282442748,0.7692307692307693,108,4.361111111111111,3.87037037037037,1.2037037037037035,0.5740740740740741,0.6481481481481481,0.1944444444444444,2.0277777777777777,0.4444444444444444,0.6759259259259259,0.311,0.382,0.524,,,,,,,,,,,,,,5.0,4.666666666666667,1.0,0.3333333333333333,0.6666666666666666,0.3333333333333333,2.0,0.3333333333333333,1.3333333333333333,0.2142857142857142,0.2666666666666666,0.4285714285714285,10.0,4.7,3.9,1.3,0.6,1.4,0.4,2.8,0.6,0.7,0.3333333333333333,0.4468085106382978,0.717948717948718,21,5.412698412698411,91.66666666666669,55.38095238095238,0.6041558441558441,23.142857142857142,20.33333333333333,5.047619047619048,2.523809523809524,2.1904761904761907,0.8571428571428571,8.761904761904763,2.2857142857142856,3.952380952380953,0.1707818930041152,16.238095238095237,3.64,1.5189112783499812,1.3548387096774197,0.2482435597189695,,,,,,,,,,,,,,,,,,,4.127272727272727,151.36363636363637,96.1,0.6348948948948949,37.72727272727273,33.527272727272724,7.681818181818182,4.072727272727272,3.663636363636364,1.2,13.254545454545454,3.272727272727273,8.790909090909091,0.233012048192771,26.773636363636367,3.69,1.2274625649383724,0.2291214750542299,10.0,10.9,38.9,33.0,8.4,5.0,4.6,1.0,13.9,4.4,8.6,0.2545454545454545,0.3547557840616966,0.4212121212121212,0.225,0.085,8.47,0.235,0.309,0.388,0.95,0.93,0.91,0.96,0.96,0.93,1.09,0.53,0.89,1.06,1.02,1.03,1.01,1.02,1.0
,,,,,,,,,,,,,,,,,,,,,,,,,,,,,,,,,,,,,,,,,,,,,,,,,,,,,,,,,,,,,,,,,,,,,,,,,,,,,,,,,,,,,,,,,,,,,,,,,,,,,,,,,,,,,,,,,,,,,,,,,,,,,,,,,,,,,,,,,,,,,,,,,,,,,,,,,,,,,,,,,,,,,,,,,,,,,,,,,,,,,,,,,,,,,,,,,,,,,,,,,,,,,,,,,,,,,,,,
Shohei,Ohtani,660271,745627,False,109,True,2024-08-04,1607,,,Oakland Coliseum,10,Los Angeles Dodgers,119,Oakland Athletics,133,False,L,,30,6,3.5,1.6,osvaldo,bido,674370,R,,,,,,,,,,,,4.857142857142857,3.857142857142857,1.0,0.8571428571428571,0.7142857142857143,0.2857142857142857,2.0,1.0,1.0,0.2592592592592592,0.4117647058823529,0.5185185185185185,4.666666666666667,3.8666666666666663,1.0666666666666669,0.6666666666666666,0.6666666666666666,0.2666666666666666,2.2,0.8,1.2666666666666666,0.2758620689655172,0.4,0.5689655172413793,4.633333333333334,3.8333333333333335,1.0666666666666669,0.7333333333333333,0.6333333333333333,0.3,2.333333333333333,0.7666666666666667,1.4,0.2782608695652174,0.4028776978417266,0.6086956521739131,108,4.583333333333333,3.925925925925926,1.212962962962963,0.7870370370370371,0.7314814814814815,0.3055555555555556,2.462962962962963,0.5833333333333334,1.037037037037037,0.309,0.4,0.627,2.0,5.5,5.0,1.5,1.0,1.5,0.5,3.0,0.5,1.5,0.3,0.3636363636363636,0.6,,,,,,,,,,,,,2.0,5.5,5.0,1.5,1.0,1.5,0.5,3.0,0.5,1.5,0.3,0.3636363636363636,0.6,9,3.0,52.11111111111112,31.55555555555556,0.605543710021322,13.22222222222222,10.88888888888889,2.4444444444444446,1.6666666666666667,1.6666666666666667,0.2222222222222222,3.6666666666666665,1.6666666666666667,3.111111111111111,0.2352941176470588,9.0,5.0,1.4801707551707552,1.3703703703703705,0.2244897959183673,,,,,,,,,,,,,,,,,,,4.214285714285714,144.86607142857142,92.84821428571428,0.6409244992295839,37.875,33.464285714285715,8.571428571428571,4.75,4.3125,1.0267857142857142,13.9375,3.330357142857143,7.571428571428571,0.1999057048561999,26.394642857142856,4.41,1.352750152222448,0.256136606189968,2.0,11.5,42.0,36.5,10.0,7.5,7.0,1.0,14.5,5.0,11.5,0.273972602739726,0.369047619047619,0.3972602739726027,,,,,,,,,,,,,0.8,0.75,1.13,0.96,0.96,0.98,0.93,0.96,0.85
Alec,Burleson,676475,746844,False,104,True,2024-08-04,1910,,,Wrigley Field,17,St. Louis Cardinals,138,Chicago Cubs,112,False,L,,25,2,3.4,1.58,justin,steele,657006,L,,,,,,,,,,,,4.428571428571429,3.857142857142857,0.5714285714285714,1.0,0.5714285714285714,0.1428571428571428,1.0,0.5714285714285714,0.4285714285714285,0.1481481481481481,0.2580645161290322,0.2592592592592592,4.533333333333333,4.133333333333334,1.0,0.7333333333333333,0.8,0.2,1.6666666666666667,0.3333333333333333,0.2666666666666666,0.2419354838709677,0.2941176470588235,0.4032258064516129,4.533333333333333,4.033333333333333,1.0666666666666669,0.6333333333333333,0.9333333333333332,0.2333333333333333,1.8666666666666667,0.3,0.4333333333333333,0.2644628099173554,0.3088235294117647,0.4628099173553719,103,3.9223300970873782,3.6310679611650487,1.0097087378640777,0.4951456310679611,0.6213592233009708,0.1844660194174757,1.699029126213592,0.1844660194174757,0.4854368932038835,0.278,0.314,0.468,2.0,5.0,4.0,0.5,1.5,0.5,0.5,2.0,1.0,0.5,0.125,0.3,0.5,,,,,,,,,,,,,11.0,4.181818181818182,3.909090909090909,1.2727272727272727,0.8181818181818182,0.5454545454545454,0.2727272727272727,2.363636363636364,0.1818181818181818,0.1818181818181818,0.3255813953488372,0.3478260869565218,0.6046511627906976,17,5.96078431372549,88.47058823529412,60.70588235294117,0.6861702127659575,24.647058823529413,22.41176470588235,5.0,2.647058823529412,2.235294117647059,0.5294117647058824,7.705882352941177,1.588235294117647,5.764705882352941,0.233890214797136,17.88235294117647,3.38,1.239458135252066,1.105263157894737,0.2230971128608924,,,,,,,,,,,,,,,,,,,4.008849557522124,143.90265486725664,92.84070796460178,0.6451632740913843,37.32743362831859,33.56637168141593,7.982300884955753,4.212389380530974,3.707964601769912,1.0530973451327434,12.752212389380531,3.0265486725663715,8.52212389380531,0.2283072546230441,26.43185840707965,3.78,1.24949779027722,0.2378064856314263,12.0,10.5,36.91666666666666,33.833333333333336,8.833333333333334,4.083333333333333,3.9166666666666665,0.9166666666666666,13.083333333333334,2.4166666666666665,7.416666666666667,0.2610837438423645,0.3160270880361174,0.3866995073891626,,,,,,,,,,,,,0.98,1.56,1.01,0.99,1.01,1.01,1.01,1.01,0.99
Jurickson,Profar,595777,745384,False,111,True,2024-08-04,1610,,,Petco Park,2680,San Diego Padres,135,Colorado Rockies,115,True,S,,31,12,3.41,1.64,cal,quantrill,615698,R,,,,,,,,,,,,4.571428571428571,3.571428571428572,1.0,0.7142857142857143,1.1428571428571428,0.2857142857142857,1.8571428571428568,0.8571428571428571,0.7142857142857143,0.28,0.4375,0.52,4.6,4.0,1.0,0.5333333333333333,0.7333333333333333,0.2666666666666666,1.8666666666666667,0.4666666666666667,0.6,0.25,0.3478260869565217,0.4666666666666667,4.4,3.8666666666666663,0.9666666666666668,0.5666666666666667,0.7333333333333333,0.2666666666666666,1.8333333333333333,0.4,0.6,0.25,0.3333333333333333,0.4741379310344827,110,4.118181818181818,3.536363636363636,1.0545454545454545,0.5454545454545454,0.6363636363636364,0.1636363636363636,1.7,0.4818181818181818,0.6090909090909091,0.298,0.39,0.481,2.0,4.0,3.5,0.0,0.0,0.0,0.0,0.0,0.5,1.5,0.0,0.125,0.0,4.0,1.0,1.0,1.0,0.0,0.0,1.0,3.0,0.0,1.0,1.0,1.0,9.0,4.222222222222222,3.2222222222222223,0.7777777777777778,0.6666666666666666,0.7777777777777778,0.2222222222222222,1.4444444444444444,0.8888888888888888,0.7777777777777778,0.2413793103448275,0.3947368421052632,0.4482758620689654,22,5.363636363636363,93.22727272727272,57.59090909090909,0.6177474402730375,23.09090909090909,20.454545454545453,5.409090909090909,2.727272727272727,2.6818181818181817,0.6818181818181818,8.772727272727273,2.0454545454545454,4.090909090909091,0.1771653543307086,16.09090909090909,4.5,1.532256477979218,1.3898305084745763,0.2644444444444444,6.0,91.0,55.0,0.0268161872257435,23.0,20.0,6.0,1.0,1.0,0.0,6.0,3.0,5.0,0.217391304347826,18.0,3.66,1.5,0.3,3.919642857142857,149.09821428571428,94.41964285714286,0.633271453380442,39.13392857142857,34.875,9.973214285714286,5.776785714285714,5.357142857142857,1.2678571428571428,16.0625,3.4017857142857144,6.848214285714286,0.1749942961441934,26.46160714285714,5.45,1.51634780848264,0.2859703020993344,9.0,9.77777777777778,36.77777777777778,32.111111111111114,7.666666666666667,3.6666666666666665,3.555555555555556,0.7777777777777778,11.22222222222222,4.0,5.888888888888889,0.2387543252595155,0.3172205438066465,0.3494809688581315,,,,,,,,,,,,,0.95,0.735,1.015,0.94,0.96,0.99,0.965,0.98,0.935
Jose,Altuve,514888,746356,False,108,True,2024-08-04,1410,,,Minute Maid Park,2392,Houston Astros,117,Tampa Bay Rays,139,True,R,,34,13,2.85,1.27,hunter,bigge,685801,R,,,,,,,,,,,,4.428571428571429,3.857142857142857,1.0,0.1428571428571428,0.1428571428571428,0.0,1.2857142857142858,0.5714285714285714,0.5714285714285714,0.2592592592592592,0.3548387096774194,0.3333333333333333,4.2,3.933333333333333,1.1333333333333333,0.2666666666666666,0.2,0.0,1.3333333333333333,0.2666666666666666,0.5333333333333333,0.288135593220339,0.3333333333333333,0.3389830508474576,4.4,4.1,1.3,0.4333333333333333,0.4666666666666667,0.0666666666666666,1.6666666666666667,0.2666666666666666,0.7666666666666667,0.3170731707317073,0.3636363636363636,0.4065040650406504,107,4.429906542056075,4.121495327102804,1.2523364485981308,0.5607476635514018,0.4392523364485981,0.1308411214953271,1.841121495327103,0.2710280373831775,0.822429906542056,0.304,0.352,0.447,2.0,4.0,3.5,0.5,0.0,0.0,0.0,0.5,0.5,0.5,0.1428571428571428,0.25,0.1428571428571428,,,,,,,,,,,,,2.0,4.0,3.5,0.5,0.0,0.0,0.0,0.5,0.5,0.5,0.1428571428571428,0.25,0.1428571428571428,6,0.8888888888888888,17.5,11.5,0.6571428571428571,3.6666666666666665,3.333333333333333,0.6666666666666666,0.1666666666666666,0.1666666666666666,0.0,0.6666666666666666,0.3333333333333333,1.1666666666666667,0.3181818181818182,2.6666666666666665,1.69,5.5,1.125,0.2,,,,,,,,,,,,,,,,,,,4.4,144.8272727272727,94.75454545454544,0.6542589919025799,37.66363636363637,34.163636363636364,8.263636363636364,4.4,4.009090909090909,1.2727272727272727,13.790909090909093,2.7454545454545456,8.618181818181819,0.2288196958725561,26.82,4.03,1.2314419361399227,0.2418839808408728,2.0,9.5,33.0,31.5,7.5,2.0,1.5,0.5,11.0,1.0,7.0,0.238095238095238,0.2575757575757575,0.3492063492063492,,,,,,,,,,,,,1.05,1.27,0.91,0.98,0.98,0.98,1.0,0.99,0.97
William,Contreras,661388,744826,False,107,True,2024-08-04,1335,,,Nationals Park,3309,Milwaukee Brewers,158,Washington Nationals,120,False,R,,26,4,3.49,1.62,mitchell,parker,680730,L,,,,,,,,,,,,3.857142857142857,3.0,0.5714285714285714,0.1428571428571428,0.1428571428571428,0.1428571428571428,1.1428571428571428,0.8571428571428571,0.7142857142857143,0.1904761904761904,0.3703703703703703,0.3809523809523809,4.333333333333333,3.533333333333333,0.8,0.2666666666666666,0.2666666666666666,0.1333333333333333,1.4666666666666666,0.8,0.9333333333333332,0.2264150943396226,0.3692307692307692,0.4150943396226415,4.366666666666666,3.733333333333333,0.9333333333333332,0.4,0.3,0.1,1.5333333333333334,0.6333333333333333,0.8,0.25,0.3587786259541984,0.4107142857142857,106,4.471698113207547,3.990566037735849,1.1226415094339623,0.6320754716981132,0.5471698113207547,0.1132075471698113,1.7358490566037736,0.4433962264150943,0.8584905660377359,0.281,0.354,0.435,2.0,4.5,3.5,1.0,0.5,0.5,0.5,3.0,1.0,0.5,0.2857142857142857,0.4444444444444444,0.8571428571428571,4.0,3.0,0.0,0.0,0.0,0.0,0.0,1.0,2.0,0.0,0.25,0.0,5.0,4.4,3.4,0.6,0.8,0.4,0.4,2.0,1.0,1.2,0.1764705882352941,0.3636363636363636,0.5882352941176471,19,5.280701754385966,82.57894736842105,55.78947368421053,0.6755895474824729,22.0,20.42105263157895,5.0,2.789473684210526,2.526315789473684,0.6842105263157895,8.210526315789474,1.368421052631579,4.421052631578948,0.200956937799043,15.842105263157896,4.31,2.5388289542936047,1.2059800664451823,0.2448453608247422,,,,,,,,,,,,,,,,,,,,,,,,,,,,,,,,,,,,,5.0,10.2,39.2,33.6,8.0,5.6,5.2,1.0,13.4,4.8,10.6,0.238095238095238,0.3418367346938775,0.3988095238095238,,,,,,,,,,,,,1.14,0.85,1.3,1.01,1.09,1.07,1.12,1.09,1.07
Bryce,Harper,547180,745222,False,96,True,2024-08-04,1610,,,T-Mobile Park,680,Philadelphia Phillies,143,Seattle Mariners,136,False,L,,31,12,3.27,1.65,logan,gilbert,669302,R,,,,,,,,,,,,4.571428571428571,4.142857142857143,0.2857142857142857,0.1428571428571428,0.2857142857142857,0.1428571428571428,0.8571428571428571,0.4285714285714285,1.7142857142857142,0.0689655172413793,0.15625,0.2068965517241379,4.4,4.133333333333334,0.4666666666666667,0.4,0.4,0.2,1.2,0.2666666666666666,1.0,0.1129032258064516,0.1666666666666666,0.2903225806451613,4.5,4.1,1.0666666666666669,0.7,0.7,0.3,2.333333333333333,0.4,0.8333333333333334,0.2601626016260163,0.3259259259259259,0.5691056910569106,95,4.421052631578948,3.8105263157894735,1.0315789473684212,0.6421052631578947,0.7052631578947368,0.2526315789473684,2.031578947368421,0.5894736842105263,0.9578947368421052,0.271,0.367,0.533,2.0,4.5,4.0,0.5,0.0,0.0,0.0,1.0,0.5,2.0,0.125,0.2222222222222222,0.25,,,,,,,,,,,,,2.0,4.5,4.0,0.5,0.0,0.0,0.0,1.0,0.5,2.0,0.125,0.2222222222222222,0.25,22,6.439393939393939,90.86363636363636,60.0,0.6603301650825413,24.63636363636364,23.181818181818183,4.590909090909091,2.4545454545454546,2.227272727272727,0.7272727272727273,8.090909090909092,1.181818181818182,6.181818181818182,0.2509225092250922,19.318181818181817,3.11,1.0554500700069562,0.8964705882352941,0.1980392156862745,,,,,,,,,,,,,,,,,,,4.205357142857143,137.52678571428572,91.00892857142856,0.6617542037265468,35.857142857142854,32.86607142857143,7.267857142857143,3.7232142857142856,3.4017857142857144,0.9821428571428572,11.928571428571429,2.3392857142857144,8.464285714285714,0.2360557768924303,26.55267857142857,3.46,1.0854433572077071,0.2211355609888617,2.0,10.5,40.5,37.0,8.5,3.5,3.5,0.0,11.5,3.0,10.0,0.2297297297297297,0.2962962962962963,0.3108108108108108,,,,,,,,,,,,,1.04,0.75,0.83,0.95,0.94,0.95,0.95,0.95,0.94
Aaron,Judge,592450,745718,False,111,True,2024-08-04,1335,,,Yankee Stadium,3313,New York Yankees,147,Toronto Blue Jays,141,True,R,,32,8,4.01,1.84,yariel,rodríguez,684320,R,,,,,,,,,,,,5.142857142857143,3.857142857142857,2.0,1.4285714285714286,1.5714285714285714,0.7142857142857143,4.285714285714286,1.2857142857142858,1.4285714285714286,0.5185185185185185,0.6388888888888888,1.1111111111111112,4.866666666666666,3.466666666666667,1.4,0.9333333333333332,1.2,0.4666666666666667,2.8666666666666667,1.2666666666666666,1.1333333333333333,0.4038461538461538,0.5753424657534246,0.8269230769230769,4.666666666666667,3.6,1.2666666666666666,0.8666666666666667,0.8666666666666667,0.3666666666666666,2.433333333333333,0.9666666666666668,1.1333333333333333,0.3518518518518518,0.5,0.6759259259259259,110,4.472727272727273,3.5727272727272728,1.1454545454545455,0.7909090909090909,0.9363636363636364,0.3727272727272727,2.5090909090909093,0.8090909090909091,1.1090909090909091,0.321,0.452,0.702,2.0,5.0,3.5,2.0,1.5,2.0,1.0,5.0,1.5,1.5,0.5714285714285714,0.7,1.4285714285714286,,,,,,,,,,,,,12.0,4.583333333333333,3.6666666666666665,1.1666666666666667,0.8333333333333334,1.0833333333333333,0.3333333333333333,2.1666666666666665,0.8333333333333334,1.5,0.3181818181818182,0.4545454545454546,0.5909090909090909,10,3.966666666666666,71.7,43.8,0.6108786610878661,17.2,14.5,3.1,2.2,1.9,0.3,5.1,2.3,4.3,0.25,11.9,4.31,4.07050389127002,1.3613445378151263,0.2137931034482758,,,,,,,,,,,,,,,,,,,4.387387387387387,146.84684684684686,94.25225225225223,0.641840490797546,37.88288288288288,33.846846846846844,8.603603603603604,4.927927927927928,4.54054054054054,1.3783783783783785,14.513513513513514,3.189189189189189,8.09009009009009,0.2135552913198573,26.31351351351352,4.65,1.344494658997535,0.2541921746073995,12.0,9.5,38.5,33.833333333333336,8.833333333333334,5.833333333333333,5.5,1.3333333333333333,14.666666666666666,3.9166666666666665,9.083333333333334,0.2610837438423645,0.3398268398268398,0.4334975369458128,,,,,,,,,,,,,1.09,0.53,0.89,1.06,1.02,1.03,1.01,1.02,1.0
Juan,Soto,665742,745718,False,109,True,2024-08-04,1335,,,Yankee Stadium,3313,New York Yankees,147,Toronto Blue Jays,141,True,L,,25,6,3.08,1.5,yariel,rodríguez,684320,R,,,,,,,,,,,,5.142857142857143,4.142857142857143,1.2857142857142858,1.1428571428571428,0.7142857142857143,0.1428571428571428,2.142857142857143,1.0,0.8571428571428571,0.3103448275862069,0.4444444444444444,0.5172413793103449,4.933333333333334,4.2,1.4666666666666666,1.1333333333333333,0.7333333333333333,0.2666666666666666,2.933333333333333,0.7333333333333333,0.7333333333333333,0.3492063492063492,0.4459459459459459,0.6984126984126984,4.766666666666667,3.933333333333333,1.2333333333333334,0.9333333333333332,0.6666666666666666,0.2666666666666666,2.466666666666667,0.8333333333333334,0.7,0.3135593220338983,0.4335664335664335,0.6271186440677966,108,4.592592592592593,3.703703703703704,1.1388888888888888,0.8518518518518519,0.7129629629629629,0.25,2.175925925925926,0.8333333333333334,0.7222222222222222,0.308,0.433,0.588,2.0,5.0,4.5,1.0,1.5,0.0,0.0,1.5,0.5,1.5,0.2222222222222222,0.3,0.3333333333333333,,,,,,,,,,,,,11.0,4.636363636363637,3.5454545454545454,1.0909090909090908,0.9090909090909092,0.8181818181818182,0.1818181818181818,1.818181818181818,1.0,0.8181818181818182,0.3076923076923076,0.4509803921568628,0.5128205128205128,10,3.966666666666666,71.7,43.8,0.6108786610878661,17.2,14.5,3.1,2.2,1.9,0.3,5.1,2.3,4.3,0.25,11.9,4.31,4.07050389127002,1.3613445378151263,0.2137931034482758,,,,,,,,,,,,,,,,,,,4.387387387387387,146.84684684684686,94.25225225225223,0.641840490797546,37.88288288288288,33.846846846846844,8.603603603603604,4.927927927927928,4.54054054054054,1.3783783783783785,14.513513513513514,3.189189189189189,8.09009009009009,0.2135552913198573,26.31351351351352,4.65,1.344494658997535,0.2541921746073995,12.0,9.5,38.5,33.833333333333336,8.833333333333334,5.833333333333333,5.5,1.3333333333333333,14.666666666666666,3.9166666666666665,9.083333333333334,0.2610837438423645,0.3398268398268398,0.4334975369458128,,,,,,,,,,,,,1.02,1.36,0.85,1.05,1.0,1.01,0.99,1.0,0.98
Gunnar,Henderson,683002,746606,False,111,True,2024-08-04,1340,,,Progressive Field,5,Baltimore Orioles,110,Cleveland Guardians,114,False,L,,23,2,3.65,1.69,gavin,williams,668909,R,,,,,,,,,,,,4.571428571428571,4.0,1.4285714285714286,1.2857142857142858,0.5714285714285714,0.0,2.0,0.5714285714285714,0.5714285714285714,0.3571428571428571,0.4375,0.5,4.6,4.0,1.2,0.8,0.2666666666666666,0.0,1.6,0.6,0.7333333333333333,0.3,0.391304347826087,0.4,4.466666666666667,4.1,1.1666666666666667,0.6,0.3333333333333333,0.0666666666666666,1.7,0.3666666666666666,1.0,0.2845528455284553,0.3432835820895522,0.4146341463414634,110,4.554545454545455,3.9727272727272727,1.1454545454545455,0.8181818181818182,0.6090909090909091,0.2545454545454545,2.2181818181818183,0.509090909090909,1.0272727272727271,0.288,0.375,0.558,3.0,4.333333333333333,4.333333333333333,1.6666666666666667,0.6666666666666666,0.6666666666666666,0.0,2.333333333333333,0.0,0.3333333333333333,0.3846153846153846,0.3846153846153846,0.5384615384615384,,,,,,,,,,,,,6.0,4.333333333333333,4.0,1.8333333333333333,1.1666666666666667,1.0,0.3333333333333333,3.333333333333333,0.3333333333333333,0.5,0.4583333333333333,0.5,0.8333333333333334,6,4.833333333333333,89.33333333333333,58.333333333333336,0.6529850746268657,21.166666666666668,19.0,4.666666666666667,2.1666666666666665,2.0,0.1666666666666666,6.5,1.8333333333333333,5.166666666666667,0.2440944881889764,14.5,3.72,1.4772875816993465,1.3448275862068966,0.2456140350877192,,,,,,,,,,,,,,,,,,,4.6454545454545455,144.64545454545456,93.2090909090909,0.6443969580793162,36.8,33.027272727272724,7.654545454545454,3.8545454545454554,3.609090909090909,1.1363636363636365,13.190909090909091,3.081818181818182,8.836363636363636,0.2401185770750988,26.571818181818177,3.66,1.2121523144821924,0.2317643820533994,6.0,11.0,38.0,34.166666666666664,9.0,4.666666666666667,4.666666666666667,1.3333333333333333,16.0,3.333333333333333,8.833333333333334,0.2634146341463415,0.3289473684210526,0.4682926829268293,,,,,,,,,,,,,0.98,0.88,1.02,1.0,1.0,1.01,1.0,1.0,1.08
Vladimir,Guerrero Jr.,665489,745718,False,111,True,2024-08-04,1335,,,Yankee Stadium,3313,Toronto Blue Jays,141,New York Yankees,147,False,R,,25,5,3.68,1.61,gerrit,cole,543037,R,,,,,,,,,,,,4.571428571428571,3.7142857142857135,2.142857142857143,1.2857142857142858,1.4285714285714286,0.5714285714285714,4.714285714285714,0.5714285714285714,0.4285714285714285,0.5769230769230769,0.625,1.2692307692307692,4.333333333333333,3.6,1.8666666666666667,1.2,1.1333333333333333,0.5333333333333333,4.0,0.6,0.4666666666666667,0.5185185185185185,0.5846153846153846,1.1111111111111112,4.333333333333333,3.8,1.5,0.9,1.0,0.3666666666666666,3.0,0.3666666666666666,0.5333333333333333,0.3947368421052631,0.4461538461538462,0.7894736842105263,110,4.363636363636363,3.863636363636364,1.2272727272727273,0.5909090909090909,0.6545454545454545,0.2,2.081818181818182,0.4454545454545454,0.6727272727272727,0.318,0.39,0.539,2.0,4.5,3.5,2.5,1.5,1.0,0.5,5.0,0.5,0.5,0.7142857142857143,0.7777777777777778,1.4285714285714286,3.0,2.0,1.0,0.0,0.0,0.0,1.0,0.0,0.0,0.5,0.6666666666666666,0.5,12.0,4.666666666666667,3.8333333333333335,1.5,0.75,1.3333333333333333,0.4166666666666667,3.1666666666666665,0.5833333333333334,0.6666666666666666,0.3913043478260869,0.5,0.826086956521739,7,5.0,89.0,59.0,0.6629213483146067,22.142857142857142,20.142857142857142,5.571428571428571,3.0,3.0,1.2857142857142858,10.571428571428571,1.7142857142857142,5.428571428571429,0.2451612903225806,15.0,5.4,1.5478379344233004,1.457142857142857,0.2765957446808511,,,,,,,,,,,,,,,,,,,4.151785714285714,151.49107142857142,96.1875,0.6349384098544233,37.767857142857146,33.57142857142857,7.732142857142857,4.098214285714286,3.696428571428572,1.1875,13.285714285714286,3.267857142857143,8.839285714285714,0.2340425531914893,26.777678571428574,3.72,1.232369710913274,0.2303191489361702,12.0,10.833333333333334,39.083333333333336,33.5,8.75,5.083333333333333,4.75,0.9166666666666666,14.083333333333334,4.166666666666667,9.083333333333334,0.2611940298507462,0.3560767590618336,0.4203980099502487,,,,,,,,,,,,,1.09,0.53,0.89,1.06,1.02,1.03,1.01,1.02,1.0
,,,,,,,,,,,,,,,,,,,,,,,,,,,,,,,,,,,,,,,,,,,,,,,,,,,,,,,,,,,,,,,,,,,,,,,,,,,,,,,,,,,,,,,,,,,,,,,,,,,,,,,,,,,,,,,,,,,,,,,,,,,,,,,,,,,,,,,,,,,,,,,,,,,,,,,,,,,,,,,,,,,,,,,,,,,,,,,,,,,,,,,,,,,,,,,,,,,,,,,,,,,,,,,,,,,,,,,,
